{"cameraMode":{"drawMode":0,"name":"Shaded","section":"Shading Mode"},"sceneLighting":false,"audioPlay":false,"sceneViewState":{"showFog":true,"showMaterialUpdate":false,"showSkybox":false,"showFlares":true,"showImageEffects":true,"showParticleSystems":true},"in2DMode":false,"pivot":{"x":7.926296710968018,"y":1.6327850818634034,"z":-0.6715368628501892},"rotation":{"x":0.11500061303377152,"y":0.8036333322525024,"z":-0.16499702632427216,"w":0.5601147413253784},"size":1.0665340423583985,"orthographic":false}