{"cameraMode":{"drawMode":0,"name":"Shaded","section":"Shading Mode"},"sceneLighting":true,"audioPlay":false,"sceneViewState":{"showFog":true,"showMaterialUpdate":false,"showSkybox":true,"showFlares":true,"showImageEffects":true,"showParticleSystems":true},"in2DMode":false,"pivot":{"x":-40.52199935913086,"y":0.3199999928474426,"z":-38.09199905395508},"rotation":{"x":-0.035154443234205249,"y":-0.9325867295265198,"z":0.3465823829174042,"w":-0.09484387189149857},"size":18.685068130493165,"orthographic":false}