{"cameraMode":{"drawMode":0,"name":"Shaded","section":"Shading Mode"},"sceneLighting":true,"audioPlay":false,"sceneViewState":{"showFog":true,"showMaterialUpdate":false,"showSkybox":true,"showFlares":true,"showImageEffects":true,"showParticleSystems":true},"in2DMode":false,"pivot":{"x":26.783124923706056,"y":-0.8481626510620117,"z":10.606200218200684},"rotation":{"x":-0.18174058198928834,"y":0.6371113657951355,"z":-0.1581490933895111,"w":-0.7321556210517883},"size":11.001749992370606,"orthographic":false}