{"cameraMode":{"drawMode":0,"name":"Shaded","section":"Shading Mode"},"sceneLighting":true,"audioPlay":false,"sceneViewState":{"showFog":true,"showMaterialUpdate":false,"showSkybox":true,"showFlares":true,"showImageEffects":true,"showParticleSystems":true},"in2DMode":false,"pivot":{"x":-40.328025817871097,"y":1.5421949625015259,"z":-38.27631759643555},"rotation":{"x":0.1893381029367447,"y":-0.24560759961605073,"z":0.04888812452554703,"w":0.9494786262512207},"size":1.3824248313903809,"orthographic":false}