{"cameraMode":{"drawMode":0,"name":"Shaded","section":"Shading Mode"},"sceneLighting":true,"audioPlay":false,"sceneViewState":{"showFog":true,"showMaterialUpdate":false,"showSkybox":true,"showFlares":true,"showImageEffects":true,"showParticleSystems":true},"in2DMode":false,"pivot":{"x":-1.213575839996338,"y":-0.46395057439804079,"z":-0.21966847777366639},"rotation":{"x":-0.11465074121952057,"y":-0.8456606864929199,"z":0.20189671218395234,"w":-0.4806464910507202},"size":21.53896141052246,"orthographic":false}