{"cameraMode":{"drawMode":0,"name":"Shaded","section":"Shading Mode"},"sceneLighting":true,"audioPlay":false,"sceneViewState":{"showFog":true,"showMaterialUpdate":false,"showSkybox":true,"showFlares":true,"showImageEffects":true,"showParticleSystems":true},"in2DMode":false,"pivot":{"x":-40.63908767700195,"y":1.4377731084823609,"z":-38.724266052246097},"rotation":{"x":0.1210838332772255,"y":0.0437624566257,"z":-0.0053435214795172218,"w":0.9916644096374512},"size":1.3256206512451172,"orthographic":false}