{"cameraMode":{"drawMode":0,"name":"Shaded","section":"Shading Mode"},"sceneLighting":true,"audioPlay":false,"sceneViewState":{"showFog":true,"showMaterialUpdate":false,"showSkybox":true,"showFlares":true,"showImageEffects":true,"showParticleSystems":true},"in2DMode":false,"pivot":{"x":32.51182556152344,"y":2.1947505474090578,"z":3.828565835952759},"rotation":{"x":-0.07341645658016205,"y":0.8992594480514526,"z":-0.16586650907993318,"w":-0.39803463220596316},"size":10.352274894714356,"orthographic":false}